﻿<?xml version="1.0" encoding="utf-8"?>
<extension type="module" version="3.0" method="upgrade" client="site" >
	<name>Table Maker for CSV</name>
    <author>Mostafa Shahiri</author>
    <copyright></copyright>
    <license>GNU/GPL</license>
    <authorEmail>mostafa2134@gmail.com</authorEmail>
    <authorUrl>www.extensions.joomla.com</authorUrl>
    <version>1.0</version>
	<description>
    This module Creates table for CSV files. The module reads  content of a CSV file and makes a html table for it.
   </description>
   	<updateservers>
		<server type="extension" priority="1" name="Table Maker for CSV">
		   https://github.com/mostafa272/TableMakerforCSV/blob/master/update.xml
		</server>
	</updateservers>
	<files>
    <filename module="mod_tablemakerforcsv">mod_tablemakerforcsv.php</filename>
    <filename>index.html</filename>
    <folder>tmpl</folder>
    <folder>js</folder>
    </files>
    <languages>
    	  <language tag="en-GB">language/en-GB/en-GB.mod_tablemakerforcsv.ini</language>
          <language tag="fa-IR">language/fa-IR/fa-IR.mod_tablemakerforcsv.ini</language>
        </languages>
    <config>
    <fields name="params">
     <fieldset name="basic">
     <field name="note22" type="note" class="alert alert-info" label="MOD_TABLEMAKEERCSV_NOTE_LABEL" description="MOD_TABLEMAKEERCSV_NOTE_DESC" />
     <field name="moduleclass_sfx" type="textarea" rows="2" label="COM_MODULES_FIELD_MODULECLASS_SFX_LABEL" description="COM_MODULES_FIELD_MODULECLASS_SFX_DESC" />
    <field name="fileurl" type="filelist" directory="images" filter="\.csv$"  label="MOD_TABLEMAKEERCSV_FILE_LABEL" description="MOD_TABLEMAKEERCSV_FILE_DESC" />
    <field name="separator" type="text" default=","  label="MOD_TABLEMAKEERCSV_SEPARATOR_LABEL" description="MOD_TABLEMAKEERCSV_SEPARATOR_DESC" />
    <field name="min_char" type="text" default="1"  label="MOD_TABLEMAKEERCSV_MINCHAR_LABEL" description="MOD_TABLEMAKEERCSV_MINCHAR_DESC" />
     <field name="caption" type="textarea" rows="10" cols="40"   label="MOD_TABLEMAKEERCSV_CAPTION_LABEL" description="MOD_TABLEMAKEERCSV_CAPTION_DESC" />
 <field name="pretext" type="editor" width="200" height="200" buttons="article,pagebreak,readmore" filter="safehtml" label="MOD_TABLEMAKEERCSV_PRETEXT_LABEL" description="MOD_TABLEMAKEERCSV_PRETEXT_DESC" />
 <field name="posttext" type="editor" width="200" height="200" buttons="article,pagebreak,readmore" filter="safehtml" label="MOD_TABLEMAKEERCSV_POSTTEXT_LABEL" description="MOD_TABLEMAKEERCSV_POSTTEXT_DESC" />
  <field name="table_text_align" type="text" default="center" label="MOD_TABLEMAKEERCSV_TEXTALIGN_LABEL" description="MOD_TABLEMAKEERCSV_TEXTALIGN_DESC" />
  <field name="table_font" type="text" default="14px arial" label="MOD_TABLEMAKEERCSV_TABLEFONT_LABEL" description="MOD_TABLEMAKEERCSV_TABLEFONT_DESC" />
   <field name="table_border_radius" default="5px" type="text" label="MOD_TABLEMAKEERCSV_BORDERRADIUS_LABEL" description="MOD_TABLEMAKEERCSV_BORDERRADIUS_DESC" />
   <field name="table_padding" default="8px" type="text" label="MOD_TABLEMAKEERCSV_PADDING_LABEL" description="MOD_TABLEMAKEERCSV_PADDING_DESC" />
   <field name="table_style" default="border-collapse:collapse;width:100%;overflow:hidden;border:solid 1px #CCC;" rows="10" cols="40" type="textarea" label="MOD_TABLEMAKEERCSV_STYLE_LABEL" description="MOD_TABLEMAKEERCSV_STYLE_DESC" />
   <field name="note11" type="spacer" label="MOD_TABLEMAKEERCSV_FIRSTROW" />
   <field name="firstrow_bg" default="#FF0000" type="color" label="MOD_TABLEMAKEERCSV_FIRSTROWBG_LABEL" description="MOD_TABLEMAKEERCSV_FIRSTROWBG_DESC" />
   <field name="firstrow_color" default="#FFF" type="color" label="MOD_TABLEMAKEERCSV_FIRSTROWCOLOR_LABEL" description="MOD_TABLEMAKEERCSV_FIRSTROWCOLOR_DESC" />
   <field name="firstrow_font" default="bold 20px arial" type="text" label="MOD_TABLEMAKEERCSV_FIRSTROWFONT_LABEL" description="MOD_TABLEMAKEERCSV_FIRSTROWFONT_DESC" />
   <field name="note12" type="spacer" label="MOD_TABLEMAKEERCSV_EVENODD" />
   <field name="even_bg" default="#dddddd" type="color" label="MOD_TABLEMAKEERCSV_EVENBG_LABEL" description="MOD_TABLEMAKEERCSV_EVENBG_DESC" />
    <field name="odd_bg" default="#FFF" type="color" label="MOD_TABLEMAKEERCSV_ODDBG_LABEL" description="MOD_TABLEMAKEERCSV_ODDBG_DESC" />
    <field name="note13" type="spacer" label="MOD_TABLEMAKEERCSV_PAGINATION" />
   <field name="row_num" type="text" default="10" label="MOD_TABLEMAKEERCSV_ROWNUM_LABEL" description="MOD_TABLEMAKEERCSV_ROWNUM_DESC" />
   <field name="pagalign" type="radio" default="left" label="MOD_TABLEMAKEERCSV_ALIGN_LABEL" description="MOD_TABLEMAKEERCSV_ALIGN_DESC" >
        <option value="left">MOD_TABLEMAKEERCSV_LEFT</option>
        <option value="center">MOD_TABLEMAKEERCSV_CENTER</option>
        <option value="right">MOD_TABLEMAKEERCSV_RIGHT</option>
        </field>
   <field name="paglink_bg" default="#FF0000" type="color" label="MOD_TABLEMAKEERCSV_LINK_LABEL" />
    <field name="paglink_color" default="#FFF" type="color" label="MOD_TABLEMAKEERCSV_LINKCOLOR_LABEL" />
    <field name="paglink_active" default="#008000" type="color" label="MOD_TABLEMAKEERCSV_ACTIVE_LABEL" />
    <field name="paglink_hoverbg" default="#CCC" type="color" label="MOD_TABLEMAKEERCSV_HOVERBG_LABEL" />
    <field name="paglink_hovercolor" default="#000" type="color" label="MOD_TABLEMAKEERCSV_HOVERCOLOR_LABEL"/>

 </fieldset>

    </fields>

    </config>

    </extension>
